<?xml version="1.0" encoding="utf-8"?>
<databaseChangeLog
xmlns="http://www.liquibase.org/xml/ns/dbchangelog"
xmlns:xsi="http://www.w3.org/2001/XMLSchema-instance"
xsi:schemaLocation="http://www.liquibase.org/xml/ns/dbchangelog http://www.liquibase.org/xml/ns/dbchangelog/dbchangelog-latest.xsd">

    <changeSet id="create-model-table" author="estelle">
        <createTable tableName="model">
            <column name="id" type="bigint" autoIncrement="true">
                <constraints primaryKey="true" nullable="false"/>
            </column>
            <column name="name" type="varchar(255)">
                <constraints nullable="false"/>
            </column>
            <column name="brand" type="bigint">
                <constraints nullable="false" referencedColumnNames=""/>
            </column>
        </createTable>
        <addForeignKeyConstraint baseTableName="model" baseColumnNames="brand" constraintName="fk_model_brand" referencedTableName="brand" referencedColumnNames="id" />
    </changeSet>
</databaseChangeLog>